{
  "tutorials/tutorial2": {
    "totalSeconds": 0.055350041,
    "seconds": {
      "compiling": 0.013485292,
      "optimizing": 0.014080333,
      "rendering": 0.003818875
    }
  },
  "tutorials/tutorial1": {
    "totalSeconds": 0.017172291,
    "seconds": {
      "compiling": 0.005244167,
      "optimizing": 0.002717458,
      "rendering": 0.000877667
    }
  },
  "matrix-library/outerProduct2d": {
    "totalSeconds": 0.090546167,
    "seconds": {
      "compiling": 0.044529875,
      "optimizing": 0.031448125,
      "rendering": 0.005960834
    }
  },
  "matrix-library/shear2d": {
    "totalSeconds": 0.047167458,
    "seconds": {
      "compiling": 0.016400166,
      "optimizing": 0.02382725,
      "rendering": 0.003419959
    }
  },
  "matrix-library/identity2d": {
    "totalSeconds": 0.039472208,
    "seconds": {
      "compiling": 0.014923292,
      "optimizing": 0.018453667,
      "rendering": 0.003259875
    }
  },
  "matrix-library/matrix2d": {
    "totalSeconds": 0.070747334,
    "seconds": {
      "compiling": 0.030685208,
      "optimizing": 0.024236375,
      "rendering": 0.008338875
    }
  },
  "matrix-library/inverse2d": {
    "totalSeconds": 0.039389875,
    "seconds": {
      "compiling": 0.01489775,
      "optimizing": 0.018157209,
      "rendering": 0.003353375
    }
  },
  "matrix-library/diagonal2d": {
    "totalSeconds": 0.038761708,
    "seconds": {
      "compiling": 0.01390675,
      "optimizing": 0.018212625,
      "rendering": 0.003193208
    }
  },
  "matrix-library/rotate2d": {
    "totalSeconds": 0.056773875,
    "seconds": {
      "compiling": 0.017980208,
      "optimizing": 0.029083958,
      "rendering": 0.003158625
    }
  },
  "matrix-library/skew2d": {
    "totalSeconds": 0.043860208,
    "seconds": {
      "compiling": 0.016918208,
      "optimizing": 0.019953792,
      "rendering": 0.003061083
    }
  },
  "matrix-library/rotate": {
    "totalSeconds": 0.038278916,
    "seconds": {
      "compiling": 0.015566583,
      "optimizing": 0.016611834,
      "rendering": 0.003427333
    }
  },
  "matrix-library/scale2d": {
    "totalSeconds": 0.035707208,
    "seconds": {
      "compiling": 0.0132875,
      "optimizing": 0.01721275,
      "rendering": 0.002409833
    }
  },
  "tutorials/tutorial3": {
    "totalSeconds": 0.123342583,
    "seconds": {
      "compiling": 0.02549975,
      "optimizing": 0.084600541,
      "rendering": 0.005783917
    }
  },
  "matrix-library/translate2d": {
    "totalSeconds": 0.037058834,
    "seconds": {
      "compiling": 0.013329084,
      "optimizing": 0.017885333,
      "rendering": 0.002701125
    }
  },
  "matrix-library/crossProductMatrix": {
    "totalSeconds": 0.109346125,
    "seconds": {
      "compiling": 0.024519958,
      "optimizing": 0.06982475,
      "rendering": 0.006319792
    }
  },
  "matrix-library/identity3d": {
    "totalSeconds": 0.100723208,
    "seconds": {
      "compiling": 0.023843333,
      "optimizing": 0.066842792,
      "rendering": 0.00676425
    }
  },
  "matrix-library/diagonal3d": {
    "totalSeconds": 0.096738792,
    "seconds": {
      "compiling": 0.023299208,
      "optimizing": 0.064934875,
      "rendering": 0.005402
    }
  },
  "matrix-library/matrix3d": {
    "totalSeconds": 0.096034334,
    "seconds": {
      "compiling": 0.022368833,
      "optimizing": 0.065879667,
      "rendering": 0.0049245
    }
  },
  "matrix-library/scale3d": {
    "totalSeconds": 0.097403167,
    "seconds": {
      "compiling": 0.022174,
      "optimizing": 0.067026042,
      "rendering": 0.005063
    }
  },
  "matrix-library/outerProduct3d": {
    "totalSeconds": 0.099257375,
    "seconds": {
      "compiling": 0.022432958,
      "optimizing": 0.06835275,
      "rendering": 0.00578175
    }
  },
  "matrix-library/shear3d": {
    "totalSeconds": 0.096843209,
    "seconds": {
      "compiling": 0.021670667,
      "optimizing": 0.067450417,
      "rendering": 0.00497225
    }
  },
  "matrix-library/rotate3d": {
    "totalSeconds": 0.104436458,
    "seconds": {
      "compiling": 0.022261459,
      "optimizing": 0.0737805,
      "rendering": 0.005270541
    }
  },
  "matrix-library/translate3dh": {
    "totalSeconds": 0.103517917,
    "seconds": {
      "compiling": 0.022906541,
      "optimizing": 0.071035959,
      "rendering": 0.006220875
    }
  },
  "matrix-library/inverse3d": {
    "totalSeconds": 0.10163275,
    "seconds": {
      "compiling": 0.022213166,
      "optimizing": 0.071792375,
      "rendering": 0.005020875
    }
  },
  "matrix-library/rotate3dh": {
    "totalSeconds": 0.110041875,
    "seconds": {
      "compiling": 0.022231459,
      "optimizing": 0.078998625,
      "rendering": 0.005715125
    }
  },
  "fractals/l-systems/tree": {
    "totalSeconds": 0.709246667,
    "seconds": {
      "compiling": 0.204119584,
      "optimizing": 0.27426725,
      "rendering": 0.223465875
    }
  },
  "dinoshade/dinoshade": {
    "totalSeconds": 1.203718208,
    "seconds": {
      "compiling": 0.51805475,
      "optimizing": 0.324319291,
      "rendering": 0.3209655
    }
  },
  "ray-tracing/path-trace": {
    "totalSeconds": 0.566648542,
    "seconds": {
      "compiling": 0.073794459,
      "optimizing": 0.406309166,
      "rendering": 0.071391834
    }
  },
  "matrix-ops/tests/vector-vector-addition": {
    "totalSeconds": 0.587512666,
    "seconds": {
      "compiling": 0.040957958,
      "optimizing": 0.521177042,
      "rendering": 0.015598625
    }
  },
  "matrix-ops/tests/vector-vector-division-elementwise": {
    "totalSeconds": 0.565702,
    "seconds": {
      "compiling": 0.040512875,
      "optimizing": 0.49518425,
      "rendering": 0.027071083
    }
  },
  "matrix-ops/tests/scalar-vector-division": {
    "totalSeconds": 0.551040125,
    "seconds": {
      "compiling": 0.038251458,
      "optimizing": 0.494352625,
      "rendering": 0.015593
    }
  },
  "matrix-ops/tests/vector-vector-multiplication-elementwise": {
    "totalSeconds": 0.566821833,
    "seconds": {
      "compiling": 0.036460959,
      "optimizing": 0.512012666,
      "rendering": 0.014996375
    }
  },
  "matrix-ops/tests/scalar-vector-left-multiplication": {
    "totalSeconds": 0.542610959,
    "seconds": {
      "compiling": 0.038470333,
      "optimizing": 0.487456167,
      "rendering": 0.013738458
    }
  },
  "matrix-ops/tests/vector-vector-subtraction": {
    "totalSeconds": 0.564634792,
    "seconds": {
      "compiling": 0.036361833,
      "optimizing": 0.510816917,
      "rendering": 0.014659167
    }
  },
  "matrix-ops/tests/scalar-vector-right-multiplication": {
    "totalSeconds": 0.553817542,
    "seconds": {
      "compiling": 0.036821667,
      "optimizing": 0.486079208,
      "rendering": 0.026129958
    }
  },
  "matrix-ops/tests/matrix-vector-right-multiplication": {
    "totalSeconds": 0.650915583,
    "seconds": {
      "compiling": 0.039415125,
      "optimizing": 0.576770917,
      "rendering": 0.030181167
    }
  },
  "matrix-ops/tests/matrix-transpose": {
    "totalSeconds": 0.650985792,
    "seconds": {
      "compiling": 0.039930167,
      "optimizing": 0.57074725,
      "rendering": 0.036893791
    }
  },
  "ray-tracing/next-event-estimation": {
    "totalSeconds": 0.49385675,
    "seconds": {
      "compiling": 0.052389292,
      "optimizing": 0.385467125,
      "rendering": 0.047261416
    }
  },
  "matrix-ops/tests/vector-vector-outerproduct": {
    "totalSeconds": 0.597239083,
    "seconds": {
      "compiling": 0.037700417,
      "optimizing": 0.540165042,
      "rendering": 0.016421
    }
  },
  "matrix-ops/tests/matrix-vector-left-multiplication": {
    "totalSeconds": 0.588594125,
    "seconds": {
      "compiling": 0.036009209,
      "optimizing": 0.532971,
      "rendering": 0.016067583
    }
  },
  "impossible-ngon/parameters": {
    "totalSeconds": 0.738277375,
    "seconds": {
      "compiling": 0.018256459,
      "optimizing": 0.6948305,
      "rendering": 0.014025375
    }
  },