{
  "tutorials/tutorial2": {
    "totalSeconds": 0.065675875,
    "seconds": {
      "compiling": 0.0136375,
      "optimizing": 0.019802792,
      "rendering": 0.004025042
    }
  },
  "tutorials/tutorial1": {
    "totalSeconds": 0.014508709,
    "seconds": {
      "compiling": 0.004833125,
      "optimizing": 0.002535292,
      "rendering": 0.00079975
    }
  },
  "matrix-library/outerProduct2d": {
    "totalSeconds": 0.093800416,
    "seconds": {
      "compiling": 0.045024042,
      "optimizing": 0.033547416,
      "rendering": 0.006882
    }
  },
  "matrix-library/shear2d": {
    "totalSeconds": 0.048976,
    "seconds": {
      "compiling": 0.017079,
      "optimizing": 0.024938292,
      "rendering": 0.003506917
    }
  },
  "matrix-library/identity2d": {
    "totalSeconds": 0.040439584,
    "seconds": {
      "compiling": 0.015472583,
      "optimizing": 0.018720958,
      "rendering": 0.003331209
    }
  },
  "matrix-library/matrix2d": {
    "totalSeconds": 0.071053792,
    "seconds": {
      "compiling": 0.029816542,
      "optimizing": 0.030227542,
      "rendering": 0.003768875
    }
  },
  "matrix-library/inverse2d": {
    "totalSeconds": 0.039407875,
    "seconds": {
      "compiling": 0.014168083,
      "optimizing": 0.018621417,
      "rendering": 0.003398416
    }
  },
  "matrix-library/diagonal2d": {
    "totalSeconds": 0.079494458,
    "seconds": {
      "compiling": 0.038059875,
      "optimizing": 0.032343708,
      "rendering": 0.004084334
    }
  },
  "matrix-library/rotate2d": {
    "totalSeconds": 0.041851333,
    "seconds": {
      "compiling": 0.015430292,
      "optimizing": 0.018782917,
      "rendering": 0.003728541
    }
  },
  "matrix-library/skew2d": {
    "totalSeconds": 0.038043208,
    "seconds": {
      "compiling": 0.015320875,
      "optimizing": 0.017100417,
      "rendering": 0.0027485
    }
  },
  "matrix-library/rotate": {
    "totalSeconds": 0.042059666,
    "seconds": {
      "compiling": 0.015829875,
      "optimizing": 0.017163334,
      "rendering": 0.004566541
    }
  },
  "matrix-library/scale2d": {
    "totalSeconds": 0.037101666,
    "seconds": {
      "compiling": 0.013981042,
      "optimizing": 0.018000625,
      "rendering": 0.002398542
    }
  },
  "tutorials/tutorial3": {
    "totalSeconds": 0.1259505,
    "seconds": {
      "compiling": 0.024837,
      "optimizing": 0.085053708,
      "rendering": 0.005797167
    }
  },
  "matrix-library/translate2d": {
    "totalSeconds": 0.039882667,
    "seconds": {
      "compiling": 0.013902,
      "optimizing": 0.01830875,
      "rendering": 0.002862708
    }
  },
  "matrix-library/crossProductMatrix": {
    "totalSeconds": 0.111508917,
    "seconds": {
      "compiling": 0.024420916,
      "optimizing": 0.071818334,
      "rendering": 0.006581125
    }
  },
  "matrix-library/identity3d": {
    "totalSeconds": 0.09892375,
    "seconds": {
      "compiling": 0.023179208,
      "optimizing": 0.06689125,
      "rendering": 0.005413667
    }
  },
  "matrix-library/diagonal3d": {
    "totalSeconds": 0.097424416,
    "seconds": {
      "compiling": 0.023388541,
      "optimizing": 0.065675209,
      "rendering": 0.005349083
    }
  },
  "matrix-library/matrix3d": {
    "totalSeconds": 0.098950667,
    "seconds": {
      "compiling": 0.023098,
      "optimizing": 0.067640416,
      "rendering": 0.004966209
    }
  },
  "matrix-library/scale3d": {
    "totalSeconds": 0.096782209,
    "seconds": {
      "compiling": 0.02340375,
      "optimizing": 0.065253792,
      "rendering": 0.005302416
    }
  },
  "matrix-library/outerProduct3d": {
    "totalSeconds": 0.103195542,
    "seconds": {
      "compiling": 0.022041916,
      "optimizing": 0.072414584,
      "rendering": 0.005252541
    }
  },
  "matrix-library/shear3d": {
    "totalSeconds": 0.097049875,
    "seconds": {
      "compiling": 0.022348625,
      "optimizing": 0.066644041,
      "rendering": 0.005111667
    }
  },
  "matrix-library/rotate3d": {
    "totalSeconds": 0.10525525,
    "seconds": {
      "compiling": 0.021785458,
      "optimizing": 0.074437,
      "rendering": 0.005947959
    }
  },
  "matrix-library/translate3dh": {
    "totalSeconds": 0.1309225,
    "seconds": {
      "compiling": 0.022288792,
      "optimizing": 0.100178833,
      "rendering": 0.005577334
    }
  },
  "matrix-library/inverse3d": {
    "totalSeconds": 0.106315167,
    "seconds": {
      "compiling": 0.022266667,
      "optimizing": 0.073927833,
      "rendering": 0.005685875
    }
  },
  "matrix-library/rotate3dh": {
    "totalSeconds": 0.114702833,
    "seconds": {
      "compiling": 0.023970666,
      "optimizing": 0.081913834,
      "rendering": 0.005916208
    }
  },
  "fractals/l-systems/tree": {
    "totalSeconds": 0.730881958,
    "seconds": {
      "compiling": 0.220052042,
      "optimizing": 0.276159125,
      "rendering": 0.228614208
    }
  },
  "dinoshade/dinoshade": {
    "totalSeconds": 1.283106125,
    "seconds": {
      "compiling": 0.551191625,
      "optimizing": 0.305427625,
      "rendering": 0.39005525
    }
  },
  "ray-tracing/path-trace": {
    "totalSeconds": 0.57206425,
    "seconds": {
      "compiling": 0.072268333,
      "optimizing": 0.410989125,
      "rendering": 0.072966584
    }
  },
  "matrix-ops/tests/vector-vector-addition": {
    "totalSeconds": 0.61852725,
    "seconds": {
      "compiling": 0.042329666,
      "optimizing": 0.539676542,
      "rendering": 0.026056208
    }
  },
  "matrix-ops/tests/vector-vector-division-elementwise": {
    "totalSeconds": 0.591117084,
    "seconds": {
      "compiling": 0.039093417,
      "optimizing": 0.530978416,
      "rendering": 0.017895667
    }
  },
  "matrix-ops/tests/scalar-vector-division": {
    "totalSeconds": 0.567009542,
    "seconds": {
      "compiling": 0.037401125,
      "optimizing": 0.510024417,
      "rendering": 0.016236875
    }
  },
  "matrix-ops/tests/vector-vector-multiplication-elementwise": {
    "totalSeconds": 0.588719417,
    "seconds": {
      "compiling": 0.036800208,
      "optimizing": 0.535185625,
      "rendering": 0.0139285
    }
  },
  "matrix-ops/tests/scalar-vector-left-multiplication": {
    "totalSeconds": 0.573552959,
    "seconds": {
      "compiling": 0.037400083,
      "optimizing": 0.506804417,
      "rendering": 0.02469525
    }
  },
  "matrix-ops/tests/vector-vector-subtraction": {
    "totalSeconds": 0.570984291,
    "seconds": {
      "compiling": 0.037822166,
      "optimizing": 0.514732125,
      "rendering": 0.015110459
    }
  },
  "matrix-ops/tests/scalar-vector-right-multiplication": {
    "totalSeconds": 0.572905958,
    "seconds": {
      "compiling": 0.037572417,
      "optimizing": 0.517165166,
      "rendering": 0.014035917
    }
  },
  "matrix-ops/tests/matrix-vector-right-multiplication": {
    "totalSeconds": 0.668014167,
    "seconds": {
      "compiling": 0.038762042,
      "optimizing": 0.606011625,
      "rendering": 0.0177075
    }
  },
  "matrix-ops/tests/matrix-transpose": {
    "totalSeconds": 0.651230625,
    "seconds": {
      "compiling": 0.0402345,
      "optimizing": 0.5888475,
      "rendering": 0.018176125
    }
  },
  "ray-tracing/next-event-estimation": {
    "totalSeconds": 0.54502325,
    "seconds": {
      "compiling": 0.052115834,
      "optimizing": 0.442143791,
      "rendering": 0.046998584
    }
  },
  "matrix-ops/tests/vector-vector-outerproduct": {
    "totalSeconds": 0.600196917,
    "seconds": {
      "compiling": 0.039797583,
      "optimizing": 0.5416365,
      "rendering": 0.014696584
    }
  },
  "matrix-ops/tests/matrix-vector-left-multiplication": {
    "totalSeconds": 0.618251042,
    "seconds": {
      "compiling": 0.0361485,
      "optimizing": 0.563378125,
      "rendering": 0.015491792
    }
  },
  "impossible-ngon/parameters": {
    "totalSeconds": 0.712222583,
    "seconds": {
      "compiling": 0.019884292,
      "optimizing": 0.667639,
      "rendering": 0.012019333
    }
  },